﻿CountyName,FPOO-Rate,FFHO-Rate,HIV-Rate,MedianHouseholdIncome
Accomack County,7.5,1.2,6.2,39040
Albemarle County,3.5,0.7,8.3,73132
Alexandria City,5.7,1.3,18.1,87822
Alleghany County,8.4,1.6,0,47037
Amelia County,3.9,1.3,7.7,56172
Amherst County,4.4,0.5,6.3,46497
Appomattox County,3.9,1.1,6.3,51431
Arlington County,5,1.8,15.6,108635
Augusta County,9.7,0.7,2.7,56784
Bath County,3.7,0,0,47059
Bedford City,4.6,0,0,0
Bedford County,7.4,0.9,2.5,55708
Bland County,15,0,0,44827
Botetourt County,6.6,1.8,0,68390
Bristol City,12,0.5,18.2,33659
Brunswick County,2.5,1,24.4,39433
Buchanan County,33.6,0,0,31763
Buckingham County,4.5,0.5,11.8,42455
Buena Vista City,5.1,0,0,38991
Campbell County,6,0.5,7.3,49935
Caroline County,10.3,3.7,19.5,55423
Carroll County,10.4,0,0,40390
Charles City County,11.7,2.3,28.8,56907
Charlotte County,6.1,0.7,0,38557
Charlottesville City,6.1,2.4,22.9,47977
Chesapeake City,9.8,4.1,12,71998
Chesterfield County,9.4,4.3,9.5,76260
Clarke County,8.7,4.6,0,76753
Colonial Heights City,9.9,4.3,11.2,52673
Covington City,11.4,2.8,0,37904
Craig County,8.1,1.6,0,48221
Culpeper County,16,6.4,7.7,67023
Cumberland County,6.8,3.4,10.2,42692
Danville City,10.9,1.7,22.1,35220
Dickenson County,34.9,0,0,32795
Dinwiddie County,5.7,0.9,14,54805
Emporia City,7.4,0,0,33499
Essex County,3,0.8,18.3,50033
Fairfax City,10.5,3.9,0,94701
Fairfax County,4.7,1.6,8.9,115518
Falls Church City,4.5,1.9,27.1,118035
Fauquier County,15,4.8,1.4,91372
Floyd County,5.4,1.1,6.3,42670
Fluvanna County,2.2,1.3,11.2,70005
Franklin City,3.9,2.9,0,40247
Franklin County,12.9,2,5.3,52424
Frederick County,14.1,5.3,4.5,69346
Fredericksburg City,22.5,13,13.7,53714
Galax City,6.1,1.2,0,35221
Giles County,17.1,1,0,51780
Gloucester County,9.6,2.7,5.4,64296
Goochland County,6.1,1.5,8.6,88815
Grayson County,5.9,0,0,36113
Greene County,4.9,0.9,0,66170
Greensville County,4.9,2.1,8.6,41539
Halifax County,4.5,0.7,11.7,39859
Hampton City,8.8,3.9,23.8,50294
Hanover County,8.4,4.2,0.9,83405
Harrisonburg City,5.6,1.7,7.4,41636
Henrico County,9.7,5.3,16.1,66524
Henry County,17.1,1.9,7.9,36703
Highland County,7.3,3.6,0,42837
Hopewell City,16.9,7,13.3,40126
Isle of Wight County,6.3,2.3,5.4,70982
James City County,4.4,0.7,3.9,84035
King and Queen County,9.5,7.1,0,52115
King George County,14.2,4.1,0,80664
King William County,8.7,3.6,5.9,68053
Lancaster County,2.2,0.7,9.3,44941
Lee County,14.9,0.3,0,32466
Lexington City,2.3,1.2,0,45331
Loudoun County,4.3,1.3,4.2,134609
Louisa County,7.8,2.5,0,52671
Lunenburg County,2.6,0.7,8.3,38313
Lynchburg City,5.6,0.9,12.2,41586
Madison County,12.5,3.8,0,56774
Manassas City,12.4,4,2.4,72396
Manassas Park City,9.6,2.8,11.6,75994
Martinsville City,16.3,1.2,7.8,34262
Mathews County,5.6,1.9,0,59439
Mecklenburg County,7.6,1.8,13.1,45827
Middlesex County,7.7,2.3,9.3,49840
Montgomery County,8.6,0.6,3,51428
Nelson County,6.7,1.1,0,54188
New Kent County,5.5,2.6,0,84486
Newport News City,10.6,4,15.7,50149
Norfolk City,13.7,5.8,23.4,45809
Northampton County,4.7,0,0,39348
Northumberland County,7.4,1.3,0,52957
Norton City,10.6,0,0,30587
Nottoway County,2.6,0.5,58.4,40514
Orange County,17.7,5.6,8.2,64656
Page County,13.2,1.7,8.4,45834
Patrick County,10,0,0,38539
Petersburg City,15.5,4.4,38,34238
Pittsylvania County,5.9,0.8,6.6,46192
Poquoson City,6.9,4.2,0,90119
Portsmouth City,16.2,8,24.3,46617
Powhatan County,5,0.6,10.3,78047
Prince Edward County,4,0.7,17.4,41072
Prince George County,6.3,2,15.8,66775
Prince William County,7,2.1,9.8,97549
Pulaski County,21.9,0.7,11.7,49554
Radford City,8.8,1.5,0,35655
Rappahannock County,10.3,1.1,0,65278
Richmond City,21.9,13.6,34.1,42336
Richmond County,4.6,2.8,0,45403
Roanoke City,19.9,5.9,13,38238
Roanoke County,10.2,2.6,4.3,62306
Rockbridge County,6.8,0.8,0,50570
Rockingham County,3.7,0.5,6.2,57655
Russell County,21.9,0,0,39003
Salem City,15.1,6.2,3.9,57897
Scott County,12.2,0,13.9,38612
Shenandoah County,11.8,2.8,4.6,53810
Smyth County,10.3,0.3,6.6,40140
Southampton County,7.8,1.8,17.1,49595
Spotsylvania County,10.8,4.4,6.7,81065
Stafford County,7.8,3.1,6,97607
Staunton City,9,0.7,0,46237
Suffolk City,6.9,1.8,14.3,65025
Surry County,8.5,1.2,0,51810
Sussex County,7.7,4.9,8.9,41790
Tazewell County,23.4,0.2,4.9,38992
Virginia Beach City,8.8,3.2,11.6,70596
Warren County,19.9,6.5,7.5,65434
Washington County,10.8,0.3,3.7,44785
Waynesboro City,10,0,8.8,41255
Westmoreland County,11.4,4.3,5.6,48983
Williamsburg City,5.8,2.3,0,49231
Winchester City,20.7,8,7.1,46093
Wise County,26.6,0.4,5.3,33810
Wythe County,17.8,0,0,47676
York County,7.5,2.7,4.4,87910
