﻿President,BirthState
George Washington,Virginia
John Adams,Massachusetts
Thomas Jefferson,Virginia
James Madison,Virginia
James Monroe,Virginia
Andrew Jackson,North Carolina
John Quincy Adams,Massachusetts
William Henry Harrison,Virginia
Martin Van Buren,New York
Zachary Taylor,Virginia
John Tyler,Virginia
James Buchanan,Pennsylvania
James K. Polk,North Carolina
Millard Fillmore,New York
Franklin Pierce,New Hampshire
Andrew Johnson,North Carolina
Abraham Lincoln,Kentucky
Ulysses S. Grant,Ohio
Rutherford B. Hayes,Ohio
Chester A. Arthur,Vermont
James A. Garfield,Ohio
Benjamin Harrison,Ohio
Grover Cleveland,New Jersey
William McKinley,Ohio
Woodrow Wilson,Virginia
William H. Taft,Ohio
Theodore Roosevelt,New York
Warren G. Harding,Ohio
Calvin Coolidge,Vermont
Herbert Hoover,Iowa
Franklin D. Roosevelt,New York
Harry S. Truman,Missouri
Dwight D. Eisenhower,Texas
Lyndon B. Johnson,Texas
Ronald Reagan,Illinois
Richard Nixon,California
Gerald Ford,Nebraska
John F. Kennedy,Massachusetts
George H. W. Bush,Massachusetts
Jimmy Carter,Georgia
Donald Trump,New York
George W. Bush,Connecticut
Bill Clinton,Arkansas
Barack H. Obama,Hawaii
