﻿Event FIPS,c_Locality_Name_Tooltip,c_Rate,Geometric Class Disp Color,County Nam,County/City,Geometry,Latitude (generated),Longitude (generated),Count
51840,Winchester City,7.1,2018Reported Hepatitis C (18-30 year olds)4.8 - 11.0,Winchester,City,POLYGON,39.1673,-78.1735,4
51830,Williamsburg City,0.0,2018Reported Hepatitis C (18-30 year olds)0,Williamsburg,City,POLYGON,37.279,-76.6939,0
51820,Waynesboro City,8.8,2018Reported Hepatitis C (18-30 year olds)4.8 - 11.0,Waynesboro,City,POLYGON,38.0661,-78.9052,4
51810,Virginia Beach City,11.6,2018Reported Hepatitis C (18-30 year olds)11.0 - 25.4,Virginia Beach,City,POLYGON,36.7411,-76.0335,104
51800,Suffolk City,14.3,2018Reported Hepatitis C (18-30 year olds)11.0 - 25.4,Suffolk,City,POLYGON,36.7317,-76.6221,26
51790,Staunton City,0.0,2018Reported Hepatitis C (18-30 year olds)0,Staunton,City,POLYGON,38.1577,-79.0633,0
51775,Salem City,3.9,2018Reported Hepatitis C (18-30 year olds)2.1 - 4.8,Salem,City,POLYGON,37.2883,-80.0705,2
51770,Roanoke City,13.0,2018Reported Hepatitis C (18-30 year olds)11.0 - 25.4,Roanoke,City,POLYGON,37.2732,-79.9598,26
51760,Richmond City,34.1,2018Reported Hepatitis C (18-30 year olds)25.4 - 58.4,Richmond City,City,POLYGON,37.5241,-77.4608,156
51750,Radford City,0.0,2018Reported Hepatitis C (18-30 year olds)0,Radford,City,POLYGON,37.1206,-80.5616,0
51740,Portsmouth City,24.3,2018Reported Hepatitis C (18-30 year olds)11.0 - 25.4,Portsmouth,City,POLYGON,36.8219,-76.3446,46
51735,Poquoson City,0.0,2018Reported Hepatitis C (18-30 year olds)0,Poquoson,City,POLYGON,37.1354,-76.3342,0
51730,Petersburg City,38.0,2018Reported Hepatitis C (18-30 year olds)25.4 - 58.4,Petersburg,City,POLYGON,37.2052,-77.3908,24
51720,Norton City,0.0,2018Reported Hepatitis C (18-30 year olds)0,Norton,City,POLYGON,36.9301,-82.6355,0
51710,Norfolk City,23.4,2018Reported Hepatitis C (18-30 year olds)11.0 - 25.4,Norfolk,City,POLYGON,36.8988,-76.2389,114
51700,Newport News City,15.7,2018Reported Hepatitis C (18-30 year olds)11.0 - 25.4,Newport News,City,POLYGON,37.0899,-76.4907,56
51690,Martinsville City,7.8,2018Reported Hepatitis C (18-30 year olds)4.8 - 11.0,Martinsville,City,POLYGON,36.6791,-79.8708,2
51685,Manassas Park City,11.6,2018Reported Hepatitis C (18-30 year olds)11.0 - 25.4,Manassas Park,City,POLYGON,38.7449,-77.4824,4
51683,Manassas City,2.4,2018Reported Hepatitis C (18-30 year olds)2.1 - 4.8,Manassas,City,POLYGON,38.7713,-77.4363,2
51680,Lynchburg City,12.2,2018Reported Hepatitis C (18-30 year olds)11.0 - 25.4,Lynchburg,City,POLYGON,37.4008,-79.1841,20
51678,Lexington City,0.0,2018Reported Hepatitis C (18-30 year olds)0,Lexington,City,POLYGON,37.7802,-79.4439,0
51670,Hopewell City,13.3,2018Reported Hepatitis C (18-30 year olds)11.0 - 25.4,Hopewell,City,POLYGON,37.2877,-77.2944,6
51660,Harrisonburg City,7.4,2018Reported Hepatitis C (18-30 year olds)4.8 - 11.0,Harrisonburg,City,POLYGON,38.4398,-78.8702,8
51650,Hampton City,23.8,2018Reported Hepatitis C (18-30 year olds)11.0 - 25.4,Hampton,City,POLYGON,37.0509,-76.407,64
51640,Galax City,0.0,2018Reported Hepatitis C (18-30 year olds)0,Galax,City,POLYGON,36.6593,-80.9279,0
51630,Fredericksburg City,13.7,2018Reported Hepatitis C (18-30 year olds)11.0 - 25.4,Fredericksburg,City,POLYGON,38.2983,-77.4857,8
51620,Franklin City,0.0,2018Reported Hepatitis C (18-30 year olds)0,Franklin City,City,POLYGON,36.6775,-76.9326,0
51610,Falls Church City,27.1,2018Reported Hepatitis C (18-30 year olds)25.4 - 58.4,Falls Church,City,POLYGON,38.8821,-77.1728,8
51600,Fairfax City,0.0,2018Reported Hepatitis C (18-30 year olds)0,Fairfax City,City,POLYGON,38.852,-77.3021,0
51595,Emporia City,0.0,2018Reported Hepatitis C (18-30 year olds)0,Emporia,City,POLYGON,36.6973,-77.535,0
51590,Danville City,22.1,2018Reported Hepatitis C (18-30 year olds)11.0 - 25.4,Danville,City,POLYGON,36.5928,-79.4163,18
51580,Covington City,0.0,2018Reported Hepatitis C (18-30 year olds)0,Covington,City,POLYGON,37.7808,-79.9886,0
51570,Colonial Heights City,11.2,2018Reported Hepatitis C (18-30 year olds)11.0 - 25.4,Colonial Heights,City,POLYGON,37.2657,-77.3989,4
51550,Chesapeake City,12.0,2018Reported Hepatitis C (18-30 year olds)11.0 - 25.4,Chesapeake,City,POLYGON,36.7083,-76.2763,58
51540,Charlottesville City,22.9,2018Reported Hepatitis C (18-30 year olds)11.0 - 25.4,Charlottesville,City,POLYGON,38.04,-78.4779,22
51530,Buena Vista City,0.0,2018Reported Hepatitis C (18-30 year olds)0,Buena Vista,City,POLYGON,37.7286,-79.3561,0
51520,Bristol City,18.2,2018Reported Hepatitis C (18-30 year olds)11.0 - 25.4,Bristol,City,POLYGON,36.6362,-82.1156,6
51510,Alexandria City,18.1,2018Reported Hepatitis C (18-30 year olds)11.0 - 25.4,Alexandria,City,POLYGON,38.8152,-77.0903,58
51199,York County,4.4,2018Reported Hepatitis C (18-30 year olds)2.1 - 4.8,York,County,POLYGON,37.2317,-76.5476,6
51197,Wythe County,0.0,2018Reported Hepatitis C (18-30 year olds)0,Wythe,County,POLYGON,36.9145,-81.0571,0
51195,Wise County,5.3,2018Reported Hepatitis C (18-30 year olds)4.8 - 11.0,Wise,County,POLYGON,37.0011,-82.6307,4
51193,Westmoreland County,5.6,2018Reported Hepatitis C (18-30 year olds)4.8 - 11.0,Westmoreland,County,POLYGON,38.122,-76.9656,2
51191,Washington County,3.7,2018Reported Hepatitis C (18-30 year olds)2.1 - 4.8,Washington,County,POLYGON,36.7615,-81.9556,4
51187,Warren County,7.5,2018Reported Hepatitis C (18-30 year olds)4.8 - 11.0,Warren,County,POLYGON,38.8968,-78.1977,6
51185,Tazewell County,4.9,2018Reported Hepatitis C (18-30 year olds)4.8 - 11.0,Tazewell,County,POLYGON,37.1358,-81.6058,4
51183,Sussex County,8.9,2018Reported Hepatitis C (18-30 year olds)4.8 - 11.0,Sussex,County,POLYGON,36.9125,-77.2851,2
51181,Surry County,0.0,2018Reported Hepatitis C (18-30 year olds)0,Surry,County,POLYGON,37.0936,-76.8952,0
51179,Stafford County,6.0,2018Reported Hepatitis C (18-30 year olds)4.8 - 11.0,Stafford,County,MULTIPOLYGON,38.4174,-77.4766,18
51177,Spotsylvania County,6.7,2018Reported Hepatitis C (18-30 year olds)4.8 - 11.0,Spotsylvania,County,POLYGON,38.1861,-77.6566,18
51175,Southampton County,17.1,2018Reported Hepatitis C (18-30 year olds)11.0 - 25.4,Southampton,County,POLYGON,36.7705,-77.0963,6
51173,Smyth County,6.6,2018Reported Hepatitis C (18-30 year olds)4.8 - 11.0,Smyth,County,POLYGON,36.823,-81.5102,4
51171,Shenandoah County,4.6,2018Reported Hepatitis C (18-30 year olds)2.1 - 4.8,Shenandoah,County,POLYGON,38.8538,-78.5869,4
51169,Scott County,13.9,2018Reported Hepatitis C (18-30 year olds)11.0 - 25.4,Scott,County,POLYGON,36.7396,-82.5828,6
51167,Russell County,0.0,2018Reported Hepatitis C (18-30 year olds)0,Russell,County,POLYGON,36.9262,-82.0747,0
51165,Rockingham County,6.2,2018Reported Hepatitis C (18-30 year olds)4.8 - 11.0,Rockingham,County,POLYGON,38.5292,-78.9401,10
51163,Rockbridge County,0.0,2018Reported Hepatitis C (18-30 year olds)0,Rockbridge,County,POLYGON,37.8101,-79.4404,0
51161,Roanoke County,4.3,2018Reported Hepatitis C (18-30 year olds)2.1 - 4.8,Roanoke County,County,POLYGON,37.2655,-80.1509,8
51159,Richmond County,0.0,2018Reported Hepatitis C (18-30 year olds)0,Richmond County,County,POLYGON,37.9603,-76.7345,0
51157,Rappahannock County,0.0,2018Reported Hepatitis C (18-30 year olds)0,Rappahannock,County,POLYGON,38.6922,-78.1291,0
51155,Pulaski County,11.7,2018Reported Hepatitis C (18-30 year olds)11.0 - 25.4,Pulaski,County,POLYGON,37.0622,-80.7281,8
51153,Prince William County,9.8,2018Reported Hepatitis C (18-30 year olds)4.8 - 11.0,Prince William,County,MULTIPOLYGON,38.7221,-77.4444,92
51149,Prince George County,15.8,2018Reported Hepatitis C (18-30 year olds)11.0 - 25.4,Prince George,County,MULTIPOLYGON,37.1589,-77.2486,12
51147,Prince Edward County,17.4,2018Reported Hepatitis C (18-30 year olds)11.0 - 25.4,Prince Edward,County,POLYGON,37.2386,-78.4589,8
51145,Powhatan County,10.3,2018Reported Hepatitis C (18-30 year olds)4.8 - 11.0,Powhatan,County,POLYGON,37.5527,-77.8872,6
51143,Pittsylvania County,6.6,2018Reported Hepatitis C (18-30 year olds)4.8 - 11.0,Pittsylvania,County,POLYGON,36.8385,-79.3957,8
51141,Patrick County,0.0,2018Reported Hepatitis C (18-30 year olds)0,Patrick,County,POLYGON,36.7075,-80.274,0
51139,Page County,8.4,2018Reported Hepatitis C (18-30 year olds)4.8 - 11.0,Page,County,POLYGON,38.6265,-78.4806,4
51137,Orange County,8.2,2018Reported Hepatitis C (18-30 year olds)4.8 - 11.0,Orange,County,POLYGON,38.2553,-77.9908,6
51135,Nottoway County,58.4,2018Reported Hepatitis C (18-30 year olds)25.4 - 58.4,Nottoway,County,POLYGON,37.1384,-78.0695,18
51133,Northumberland County,0.0,2018Reported Hepatitis C (18-30 year olds)0,Northumberland,County,POLYGON,37.8565,-76.4533,0
51131,Northampton County,0.0,2018Reported Hepatitis C (18-30 year olds)0,Northampton,County,POLYGON,37.336,-75.9575,0
51127,New Kent County,0.0,2018Reported Hepatitis C (18-30 year olds)0,New Kent,County,POLYGON,37.5016,-76.9992,0
51125,Nelson County,0.0,2018Reported Hepatitis C (18-30 year olds)0,Nelson,County,POLYGON,37.7921,-78.9043,0
51121,Montgomery County,3.0,2018Reported Hepatitis C (18-30 year olds)2.1 - 4.8,Montgomery,County,MULTIPOLYGON,37.1748,-80.3743,6
51119,Middlesex County,9.3,2018Reported Hepatitis C (18-30 year olds)4.8 - 11.0,Middlesex,County,POLYGON,37.6405,-76.6329,2
51117,Mecklenburg County,13.1,2018Reported Hepatitis C (18-30 year olds)11.0 - 25.4,Mecklenburg,County,POLYGON,36.7165,-78.3332,8
51115,Mathews County,0.0,2018Reported Hepatitis C (18-30 year olds)0,Mathews,County,POLYGON,37.4196,-76.2904,0
51113,Madison County,0.0,2018Reported Hepatitis C (18-30 year olds)0,Madison,County,POLYGON,38.429,-78.2789,0
51111,Lunenburg County,8.3,2018Reported Hepatitis C (18-30 year olds)4.8 - 11.0,Lunenburg,County,POLYGON,36.9432,-78.2456,2
51109,Louisa County,0.0,2018Reported Hepatitis C (18-30 year olds)0,Louisa,County,POLYGON,37.941,-77.934,0
51107,Loudoun County,4.2,2018Reported Hepatitis C (18-30 year olds)2.1 - 4.8,Loudoun,County,POLYGON,39.0858,-77.6642,34
51105,Lee County,0.0,2018Reported Hepatitis C (18-30 year olds)0,Lee,County,POLYGON,36.7435,-82.9795,0
51103,Lancaster County,9.3,2018Reported Hepatitis C (18-30 year olds)4.8 - 11.0,Lancaster,County,POLYGON,37.7254,-76.4625,2
51101,King William County,5.9,2018Reported Hepatitis C (18-30 year olds)4.8 - 11.0,King William,County,POLYGON,37.7166,-77.1211,2
51099,King George County,0.0,2018Reported Hepatitis C (18-30 year olds)0,King George,County,POLYGON,38.2712,-77.1806,0
51097,King and Queen County,0.0,2018Reported Hepatitis C (18-30 year olds)0,King and Queen,County,POLYGON,37.7066,-76.8602,0
51095,James City,3.9,2018Reported Hepatitis C (18-30 year olds)2.1 - 4.8,James City,County,POLYGON,37.3128,-76.8041,6
51093,Isle of Wight County,5.4,2018Reported Hepatitis C (18-30 year olds)4.8 - 11.0,Isle of Wight,County,POLYGON,36.8934,-76.6913,4
51091,Highland County,0.0,2018Reported Hepatitis C (18-30 year olds)0,Highland,County,POLYGON,38.3866,-79.5178,0
51089,Henry County,7.9,2018Reported Hepatitis C (18-30 year olds)4.8 - 11.0,Henry,County,POLYGON,36.6989,-79.9864,8
51087,Henrico County,16.1,2018Reported Hepatitis C (18-30 year olds)11.0 - 25.4,Henrico,County,POLYGON,37.5317,-77.3031,106
51085,Hanover County,0.9,2018Reported Hepatitis C (18-30 year olds)0.9 - 2.1,Hanover,County,POLYGON,37.7717,-77.5521,2
51083,Halifax County,11.7,2018Reported Hepatitis C (18-30 year olds)11.0 - 25.4,Halifax,County,POLYGON,36.803,-78.9171,8
51081,Greensville County,8.6,2018Reported Hepatitis C (18-30 year olds)4.8 - 11.0,Greensville,County,POLYGON,36.7217,-77.5729,2
51079,Greene County,0.0,2018Reported Hepatitis C (18-30 year olds)0,Greene,County,POLYGON,38.3303,-78.4797,0
51077,Grayson County,0.0,2018Reported Hepatitis C (18-30 year olds)0,Grayson,County,POLYGON,36.6833,-81.2368,0
51075,Goochland County,8.6,2018Reported Hepatitis C (18-30 year olds)4.8 - 11.0,Goochland,County,POLYGON,37.7345,-77.9668,4
51073,Gloucester County,5.4,2018Reported Hepatitis C (18-30 year olds)4.8 - 11.0,Gloucester,County,POLYGON,37.4244,-76.5714,4
51071,Giles County,0.0,2018Reported Hepatitis C (18-30 year olds)0,Giles,County,POLYGON,37.3145,-80.668,0
51069,Frederick County,4.5,2018Reported Hepatitis C (18-30 year olds)2.1 - 4.8,Frederick,County,POLYGON,39.2372,-78.2234,8
51067,Franklin County,5.3,2018Reported Hepatitis C (18-30 year olds)4.8 - 11.0,Franklin County,County,POLYGON,37.0076,-79.8606,6
51065,Fluvanna County,11.2,2018Reported Hepatitis C (18-30 year olds)11.0 - 25.4,Fluvanna,County,POLYGON,37.8456,-78.2738,6
51063,Floyd County,6.3,2018Reported Hepatitis C (18-30 year olds)4.8 - 11.0,Floyd,County,POLYGON,36.9111,-80.4084,2
51061,Fauquier County,1.4,2018Reported Hepatitis C (18-30 year olds)0.9 - 2.1,Fauquier,County,POLYGON,38.7121,-77.8162,2
51059,Fairfax County,8.9,2018Reported Hepatitis C (18-30 year olds)4.8 - 11.0,Fairfax County,County,MULTIPOLYGON,38.8316,-77.3234,204
51057,Essex County,18.3,2018Reported Hepatitis C (18-30 year olds)11.0 - 25.4,Essex,County,POLYGON,37.9457,-76.9732,4
51053,Dinwiddie County,14.0,2018Reported Hepatitis C (18-30 year olds)11.0 - 25.4,Dinwiddie,County,POLYGON,37.0729,-77.6462,8
51051,Dickenson County,0.0,2018Reported Hepatitis C (18-30 year olds)0,Dickenson,County,POLYGON,37.1314,-82.361,0
51049,Cumberland County,10.2,2018Reported Hepatitis C (18-30 year olds)4.8 - 11.0,Cumberland,County,POLYGON,37.526,-78.2218,2
51047,Culpeper County,7.7,2018Reported Hepatitis C (18-30 year olds)4.8 - 11.0,Culpeper,County,POLYGON,38.5056,-78.0018,8
51045,Craig County,0.0,2018Reported Hepatitis C (18-30 year olds)0,Craig,County,POLYGON,37.4878,-80.1897,0
51043,Clarke County,0.0,2018Reported Hepatitis C (18-30 year olds)0,Clarke,County,POLYGON,39.1225,-77.9705,0
51041,Chesterfield County,9.5,2018Reported Hepatitis C (18-30 year olds)4.8 - 11.0,Chesterfield,County,POLYGON,37.3899,-77.6298,66
51037,Charlotte County,0.0,2018Reported Hepatitis C (18-30 year olds)0,Charlotte,County,POLYGON,36.9742,-78.6045,0
51036,Charles City,28.8,2018Reported Hepatitis C (18-30 year olds)25.4 - 58.4,Charles City,County,POLYGON,37.3618,-77.0793,4
51035,Carroll County,0.0,2018Reported Hepatitis C (18-30 year olds)0,Carroll,County,POLYGON,36.7464,-80.7437,0
51033,Caroline County,19.5,2018Reported Hepatitis C (18-30 year olds)11.0 - 25.4,Caroline,County,POLYGON,38.0149,-77.3703,12
51031,Campbell County,7.3,2018Reported Hepatitis C (18-30 year olds)4.8 - 11.0,Campbell,County,POLYGON,37.2284,-79.0965,8
51029,Buckingham County,11.8,2018Reported Hepatitis C (18-30 year olds)11.0 - 25.4,Buckingham,County,POLYGON,37.5633,-78.5588,4
51027,Buchanan County,0.0,2018Reported Hepatitis C (18-30 year olds)0,Buchanan,County,POLYGON,37.2884,-82.0618,0
51025,Brunswick County,24.4,2018Reported Hepatitis C (18-30 year olds)11.0 - 25.4,Brunswick,County,POLYGON,36.7851,-77.8417,8
51023,Botetourt County,0.0,2018Reported Hepatitis C (18-30 year olds)0,Botetourt,County,POLYGON,37.5543,-79.7551,0
51021,Bland County,0.0,2018Reported Hepatitis C (18-30 year olds)0,Bland,County,POLYGON,37.1272,-81.0776,0
51019,Bedford County,2.5,2018Reported Hepatitis C (18-30 year olds)2.1 - 4.8,Bedford County,County,POLYGON,37.3125,-79.5652,4
51017,Bath County,0.0,2018Reported Hepatitis C (18-30 year olds)0,Bath,County,POLYGON,38.0555,-79.7352,0
51015,Augusta County,2.7,2018Reported Hepatitis C (18-30 year olds)2.1 - 4.8,Augusta,County,POLYGON,38.1803,-79.3064,4
51013,Arlington County,15.6,2018Reported Hepatitis C (18-30 year olds)11.0 - 25.4,Arlington,County,POLYGON,38.8811,-77.1079,74
51011,Appomattox County,6.3,2018Reported Hepatitis C (18-30 year olds)4.8 - 11.0,Appomattox,County,POLYGON,37.3799,-78.7934,2
51009,Amherst County,6.3,2018Reported Hepatitis C (18-30 year olds)4.8 - 11.0,Amherst,County,POLYGON,37.6,-79.1631,4
51007,Amelia County,7.7,2018Reported Hepatitis C (18-30 year olds)4.8 - 11.0,Amelia,County,POLYGON,37.3461,-78.0427,2
51005,Alleghany County,0.0,2018Reported Hepatitis C (18-30 year olds)0,Alleghany,County,POLYGON,37.7788,-80.1069,0
51003,Albemarle County,8.3,2018Reported Hepatitis C (18-30 year olds)4.8 - 11.0,Albemarle,County,POLYGON,38.0006,-78.5618,18
51001,Accomack County,6.2,2018Reported Hepatitis C (18-30 year olds)4.8 - 11.0,Accomack,County,MULTIPOLYGON,37.7449,-75.6727,4
