﻿Name,County FIPS Code,Median Household Income
Accomack County,001,39040
Albemarle County,003,73132
Alleghany County,005,47037
Amelia County,007,56172
Amherst County,009,46497
Appomattox County,011,51431
Arlington County,013,108635
Augusta County,015,56784
Bath County,017,47059
Bedford County,019,55708
Bland County,021,44827
Botetourt County,023,68390
Brunswick County,025,39433
Buchanan County,027,31763
Buckingham County,029,42455
Campbell County,031,49935
Caroline County,033,55423
Carroll County,035,40390
Charles City County,036,56907
Charlotte County,037,38557
Chesterfield County,041,76260
Clarke County,043,76753
Craig County,045,48221
Culpeper County,047,67023
Cumberland County,049,42692
Dickenson County,051,32795
Dinwiddie County,053,54805
Essex County,057,50033
Fairfax County,059,115518
Fauquier County,061,91372
Floyd County,063,42670
Fluvanna County,065,70005
Franklin County,067,52424
Frederick County,069,69346
Giles County,071,51780
Gloucester County,073,64296
Goochland County,075,88815
Grayson County,077,36113
Greene County,079,66170
Greensville County,081,41539
Halifax County,083,39859
Hanover County,085,83405
Henrico County,087,66524
Henry County,089,36703
Highland County,091,42837
Isle of Wight County,093,70982
James City County,095,84035
King and Queen County,097,52115
King George County,099,80664
King William County,101,68053
Lancaster County,103,44941
Lee County,105,32466
Loudoun County,107,134609
Louisa County,109,52671
Lunenburg County,111,38313
Madison County,113,56774
Mathews County,115,59439
Mecklenburg County,117,45827
Middlesex County,119,49840
Montgomery County,121,51428
Nelson County,125,54188
New Kent County,127,84486
Northampton County,131,39348
Northumberland County,133,52957
Nottoway County,135,40514
Orange County,137,64656
Page County,139,45834
Patrick County,141,38539
Pittsylvania County,143,46192
Powhatan County,145,78047
Prince Edward County,147,41072
Prince George County,149,66775
Prince William County,153,97549
Pulaski County,155,49554
Rappahannock County,157,65278
Richmond County,159,45403
Roanoke County,161,62306
Rockbridge County,163,50570
Rockingham County,165,57655
Russell County,167,39003
Scott County,169,38612
Shenandoah County,171,53810
Smyth County,173,40140
Southampton County,175,49595
Spotsylvania County,177,81065
Stafford County,179,97607
Surry County,181,51810
Sussex County,183,41790
Tazewell County,185,38992
Warren County,187,65434
Washington County,191,44785
Westmoreland County,193,48983
Wise County,195,33810
Wythe County,197,47676
York County,199,87910
Alexandria city,510,87822
Bristol city,520,33659
Buena Vista city,530,38991
Charlottesville city,540,47977
Chesapeake city,550,71998
Colonial Heights city,570,52673
Covington city,580,37904
Danville city,590,35220
Emporia city,595,33499
Fairfax city,600,94701
Falls Church city,610,118035
Franklin city,620,40247
Fredericksburg city,630,53714
Galax city,640,35221
Hampton city,650,50294
Harrisonburg city,660,41636
Hopewell city,670,40126
Lexington city,678,45331
Lynchburg city,680,41586
Manassas city,683,72396
Manassas Park city,685,75994
Martinsville city,690,34262
Newport News city,700,50149
Norfolk city,710,45809
Norton city,720,30587
Petersburg city,730,34238
Poquoson city,735,90119
Portsmouth city,740,46617
Radford city,750,35655
Richmond city,760,42336
Roanoke city,770,38238
Salem city,775,57897
Staunton city,790,46237
Suffolk city,800,65025
Virginia Beach city,810,70596
Waynesboro city,820,41255
Williamsburg city,830,49231
Winchester city,840,46093
