{"schedule": 
    {"courses" :
		[
			{"name" : "Competing Through Business Analytics",
			 "number" : "BUAD 5012",
			 "sessions" : 
			     [{"num" : 1, "time" : "8:00 - 9:20 a.m.", "days" : "M W"},
				  {"num" : 2, "time" : "9:30 - 10:50 a.m.", "days" : "M W"},
				  {"num" : 3, "time" : "12:30 - 1:50 p.m.", "days" : "M W"}
				 ]
			}, 
			{"name" : "Heuristic Algorithms",
			 "number" : "BUAD 5042",
			 "sessions" : 
			     [{"num" : 1, "time" : "8:00 - 9:20 a.m.", "days" : "T TH"},
				  {"num" : 2, "time" : "9:30 - 10:50 a.m.", "days" : "T TH"},
				  {"num" : 3, "time" : "12:30 - 1:50 p.m.", "days" : "T TH"}
				 ]
			}
		]
	}
}