 Date , Amount ,AcctType,OpenedBy,Branch,Customer
9/1/2016, 340 ,Checking,New Accts,Central,Existing
9/1/2016," 15,759 ",CD,Teller,Westside,Existing
9/1/2016," 15,276 ",CD,New Accts,North County,Existing
9/1/2016," 12,000 ",CD,New Accts,Westside,Existing
9/1/2016," 5,000 ",CD,New Accts,North County,Existing
9/1/2016," 7,000 ",Savings,New Accts,North County,New
9/1/2016," 90,000 ",CD,New Accts,Central,Existing
9/1/2016, 124 ,Checking,Teller,Central,Existing
9/1/2016, 400 ,Checking,Teller,Central,Existing
9/1/2016, 100 ,Checking,New Accts,Central,Existing
9/1/2016," 14,644 ",CD,New Accts,Westside,New
9/1/2016," 5,000 ",Savings,New Accts,Westside,Existing
9/1/2016," 4,623 ",Savings,New Accts,North County,Existing
9/1/2016," 5,879 ",Checking,New Accts,Central,Existing
9/1/2016," 3,171 ",Checking,New Accts,Westside,Existing
9/1/2016," 4,000 ",Savings,New Accts,Central,Existing
9/1/2016," 5,000 ",Checking,New Accts,Central,Existing
9/1/2016," 16,000 ",CD,New Accts,Central,New
9/1/2016," 50,000 ",Savings,New Accts,Central,Existing
9/1/2016," 13,636 ",CD,New Accts,North County,Existing
9/4/2016," 50,000 ",CD,New Accts,North County,New
9/4/2016," 15,000 ",CD,New Accts,Westside,New
9/4/2016," 13,000 ",CD,New Accts,North County,New
9/4/2016," 13,000 ",CD,New Accts,Central,Existing
9/4/2016," 3,000 ",Checking,New Accts,Central,Existing
9/4/2016," 2,878 ",Savings,New Accts,North County,Existing
9/4/2016," 13,519 ",CD,New Accts,Central,New
9/4/2016," 4,000 ",Checking,New Accts,Central,Existing
9/4/2016," 3,075 ",Checking,New Accts,Westside,Existing
9/4/2016," 4,000 ",Checking,New Accts,North County,Existing
9/4/2016," 6,000 ",Savings,New Accts,Central,Existing
9/4/2016," 65,000 ",Savings,New Accts,Westside,Existing
9/4/2016, 240 ,Checking,New Accts,Central,Existing
9/4/2016," 2,000 ",IRA,New Accts,Westside,Existing
9/4/2016," 14,548 ",CD,New Accts,Central,Existing
9/4/2016, 240 ,Checking,New Accts,Central,Existing
9/4/2016," 6,307 ",Savings,Teller,North County,Existing
9/4/2016," 11,000 ",CD,New Accts,Central,New
9/4/2016," 35,000 ",CD,New Accts,Central,Existing
9/4/2016," 9,095 ",IRA,Teller,Central,Existing
9/4/2016," 12,000 ",CD,New Accts,Westside,Existing
9/4/2016," 5,000 ",Checking,New Accts,North County,Existing
9/5/2016," 17,000 ",CD,Teller,Westside,Existing
9/5/2016," 45,000 ",CD,Teller,Westside,Existing
9/5/2016," 1,000 ",Savings,Teller,North County,Existing
9/5/2016, 275 ,Checking,Teller,North County,Existing
9/5/2016," 12,000 ",CD,Teller,Central,Existing
9/5/2016," 3,000 ",Checking,New Accts,Central,New
9/5/2016," 5,000 ",Checking,New Accts,North County,Existing
9/5/2016," 7,000 ",IRA,New Accts,North County,Existing
9/5/2016," 12,000 ",Checking,New Accts,Central,Existing
9/5/2016," 13,500 ",CD,New Accts,North County,Existing
9/5/2016," 4,535 ",Checking,New Accts,North County,New
9/5/2016," 1,946 ",Checking,New Accts,Central,New
9/5/2016," 1,000 ",Checking,New Accts,Central,Existing
9/5/2016," 4,000 ",Checking,Teller,North County,Existing
9/5/2016, 200 ,Checking,New Accts,Westside,Existing
9/5/2016," 3,000 ",Checking,New Accts,North County,New
9/5/2016, 200 ,Checking,Teller,Westside,Existing
9/5/2016, 100 ,Checking,New Accts,North County,Existing
9/5/2016," 13,000 ",CD,Teller,Westside,Existing
9/5/2016," 7,000 ",IRA,New Accts,North County,Existing
9/5/2016, 100 ,Checking,New Accts,Central,Existing
9/5/2016," 13,500 ",CD,New Accts,North County,Existing
9/7/2016," 12,000 ",CD,New Accts,North County,Existing
9/7/2016," 5,000 ",CD,New Accts,North County,Existing
9/7/2016," 7,000 ",Savings,New Accts,North County,New
9/7/2016," 90,000 ",CD,New Accts,Central,Existing
9/7/2016, 124 ,Checking,Teller,Central,Existing
9/7/2016, 400 ,Checking,Teller,Central,Existing
9/7/2016, 100 ,Checking,New Accts,Central,Existing
9/7/2016," 14,644 ",CD,New Accts,Westside,New
9/7/2016," 3,807 ",Checking,New Accts,Westside,Existing
9/7/2016," 7,342 ",Checking,New Accts,Central,Existing
9/7/2016, 133 ,Checking,New Accts,Westside,Existing
9/7/2016," 15,208 ",CD,New Accts,Central,Existing
9/7/2016," 12,455 ",IRA,Teller,North County,Existing
9/7/2016, 200 ,Savings,Teller,Central,Existing
9/7/2016," 6,762 ",Savings,New Accts,Central,Existing
9/7/2016," 10,000 ",IRA,Teller,North County,Existing
9/7/2016, 500 ,Savings,New Accts,Westside,Existing
9/7/2016," 5,000 ",Savings,New Accts,North County,Existing
9/8/2016," 17,000 ",CD,Teller,Central,Existing
9/8/2016, 400 ,Checking,New Accts,Central,Existing
9/8/2016," 3,171 ",Checking,New Accts,Westside,Existing
9/8/2016," 4,000 ",Savings,New Accts,Central,Existing
9/8/2016," 2,000 ",IRA,New Accts,Westside,Existing
9/8/2016," 14,548 ",CD,New Accts,Central,Existing
9/8/2016, 240 ,Checking,New Accts,Central,Existing
9/8/2016," 6,307 ",Savings,Teller,North County,Existing
9/8/2016," 11,000 ",CD,New Accts,Central,New
9/8/2016," 35,000 ",CD,New Accts,Central,Existing
9/8/2016," 4,535 ",Checking,New Accts,North County,New
9/8/2016, 600 ,Savings,New Accts,Central,Existing
9/8/2016," 50,000 ",CD,New Accts,North County,Existing
9/8/2016," 3,000 ",Checking,New Accts,North County,Existing
9/8/2016," 16,000 ",CD,New Accts,Central,New
9/8/2016," 10,373 ",CD,New Accts,Westside,Existing
9/8/2016," 14,000 ",CD,Teller,North County,Existing
9/8/2016," 8,000 ",Savings,Teller,Central,Existing
9/8/2016," 12,000 ",CD,New Accts,North County,Existing
9/8/2016, 500 ,Checking,New Accts,Westside,Existing
9/8/2016," 2,749 ",Checking,New Accts,Central,New
9/8/2016," 75,000 ",CD,New Accts,North County,New
9/8/2016," 13,903 ",CD,New Accts,Central,Existing
9/8/2016, 100 ,Checking,New Accts,Central,Existing
9/8/2016, 250 ,Savings,New Accts,North County,Existing
9/8/2016, 245 ,Checking,New Accts,North County,Existing
9/8/2016," 13,428 ",CD,New Accts,Central,Existing
9/8/2016," 7,277 ",IRA,New Accts,North County,Existing
9/8/2016," 4,000 ",Checking,Teller,North County,Existing
9/8/2016," 13,000 ",CD,New Accts,Central,Existing
9/8/2016," 3,000 ",Checking,New Accts,Central,Existing
9/8/2016," 2,878 ",Savings,New Accts,North County,Existing
9/8/2016," 13,519 ",CD,New Accts,Central,Existing
9/8/2016," 4,000 ",Checking,New Accts,Central,New
9/8/2016," 3,075 ",Checking,New Accts,Westside,Existing
9/8/2016," 6,202 ",Savings,Teller,Central,Existing
9/8/2016," 4,000 ",Checking,New Accts,North County,Existing
9/8/2016," 15,703 ",CD,New Accts,Central,Existing
9/8/2016," 4,000 ",Checking,New Accts,Westside,New
9/8/2016," 5,000 ",Savings,New Accts,Central,New
9/8/2016, 344 ,Checking,New Accts,Westside,Existing
9/11/2016, 100 ,Checking,New Accts,Central,Existing
9/11/2016," 1,000 ",Checking,New Accts,Central,New
9/11/2016," 6,000 ",Checking,Teller,Westside,Existing
9/11/2016," 12,505 ",CD,New Accts,Westside,New
9/11/2016," 3,434 ",Checking,New Accts,Central,Existing
9/11/2016," 4,000 ",Checking,New Accts,North County,Existing
9/11/2016," 6,000 ",Savings,New Accts,Central,New
9/11/2016, 500 ,Savings,New Accts,Westside,Existing
9/11/2016," 4,635 ",Checking,New Accts,Central,Existing
9/11/2016," 9,000 ",IRA,New Accts,Central,Existing
9/11/2016," 4,000 ",Checking,New Accts,Central,Existing
9/11/2016," 4,000 ",Savings,New Accts,North County,Existing
9/12/2016," 13,000 ",CD,New Accts,Central,Existing
9/12/2016," 3,000 ",Checking,New Accts,Central,Existing
9/12/2016," 2,878 ",Savings,New Accts,North County,Existing
9/12/2016," 13,519 ",CD,New Accts,Central,New
9/12/2016," 4,000 ",Checking,New Accts,Central,Existing
9/12/2016," 3,075 ",Checking,New Accts,Westside,Existing
9/12/2016," 4,000 ",Checking,New Accts,North County,Existing
9/12/2016," 6,000 ",Savings,New Accts,Central,Existing
9/12/2016," 65,000 ",Savings,New Accts,Westside,Existing
9/12/2016, 240 ,Checking,New Accts,Central,Existing
9/12/2016," 9,095 ",IRA,Teller,Central,Existing
9/14/2016," 3,000 ",Checking,New Accts,Central,Existing
9/14/2016," 2,000 ",CD,New Accts,North County,New
9/14/2016," 16,000 ",CD,New Accts,North County,Existing
9/14/2016," 7,000 ",Savings,Teller,North County,Existing
9/14/2016," 5,000 ",CD,New Accts,Central,Existing
9/14/2016, 124 ,Checking,Teller,Central,Existing
9/14/2016, 400 ,Checking,Teller,Central,Existing
9/14/2016, 100 ,Checking,New Accts,Central,New
9/14/2016," 14,644 ",CD,New Accts,Westside,New
9/14/2016," 17,000 ",CD,Teller,Central,Existing
9/14/2016, 400 ,Checking,New Accts,Central,New
9/14/2016," 1,325 ",Checking,New Accts,Central,New
9/14/2016, 100 ,Checking,New Accts,Central,Existing
9/14/2016, 250 ,Savings,Teller,North County,Existing
9/15/2016," 4,000 ",Checking,New Accts,Central,Existing
9/15/2016," 3,075 ",Checking,New Accts,Westside,Existing
9/15/2016," 4,000 ",Checking,New Accts,North County,New
9/15/2016," 6,000 ",Savings,New Accts,Central,Existing
9/15/2016, 500 ,Savings,New Accts,Westside,Existing
9/15/2016, 240 ,Checking,New Accts,Central,Existing
9/15/2016," 9,095 ",IRA,Teller,Central,Existing
9/15/2016," 12,000 ",CD,New Accts,Westside,Existing
9/15/2016," 8,000 ",Savings,New Accts,Central,Existing
9/15/2016," 12,000 ",CD,New Accts,North County,Existing
9/15/2016," 6,000 ",Savings,New Accts,Central,Existing
9/15/2016, 500 ,Savings,New Accts,Westside,Existing
9/15/2016, 240 ,Checking,New Accts,Central,Existing
9/15/2016," 9,095 ",IRA,Teller,Central,Existing
9/15/2016," 12,000 ",CD,New Accts,Westside,Existing
9/15/2016," 8,000 ",Savings,New Accts,Central,Existing
9/15/2016," 12,000 ",CD,New Accts,North County,Existing
9/15/2016, 500 ,Checking,New Accts,Westside,Existing
9/15/2016," 19,000 ",Savings,New Accts,Central,New
9/15/2016," 16,000 ",CD,New Accts,Central,Existing
9/15/2016," 6,000 ",Savings,New Accts,Central,Existing
9/15/2016," 13,636 ",CD,New Accts,North County,Existing
9/15/2016," 5,000 ",Checking,New Accts,North County,Existing
9/15/2016," 7,000 ",IRA,New Accts,North County,Existing
9/15/2016," 12,000 ",Checking,New Accts,Central,Existing
9/15/2016," 13,500 ",CD,New Accts,North County,Existing
9/15/2016, 500 ,Savings,New Accts,Westside,Existing
9/15/2016," 5,000 ",Savings,Teller,North County,Existing
9/15/2016," 2,749 ",Checking,New Accts,Central,Existing
9/15/2016," 75,000 ",CD,New Accts,North County,Existing
9/18/2016," 13,000 ",CD,Teller,Westside,Existing
9/18/2016," 3,807 ",Checking,New Accts,Westside,Existing
9/18/2016," 7,342 ",Checking,New Accts,Central,Existing
9/18/2016, 133 ,Checking,New Accts,Westside,Existing
9/18/2016," 15,208 ",CD,New Accts,Central,New
9/18/2016," 12,455 ",IRA,Teller,North County,Existing
9/18/2016, 200 ,Savings,New Accts,Central,Existing
9/18/2016," 6,762 ",Savings,New Accts,Central,Existing
9/18/2016," 10,000 ",IRA,Teller,North County,Existing
9/18/2016, 600 ,Savings,New Accts,Central,Existing
9/18/2016," 50,000 ",CD,New Accts,North County,Existing
9/19/2016, 100 ,Checking,New Accts,Central,Existing
9/19/2016," 1,000 ",Checking,New Accts,Central,Existing
9/19/2016," 6,000 ",Checking,Teller,Westside,Existing
9/19/2016," 12,505 ",CD,New Accts,Westside,Existing
9/19/2016," 3,434 ",Checking,New Accts,Central,Existing
9/19/2016," 5,000 ",Savings,New Accts,Westside,Existing
9/19/2016," 4,623 ",Savings,New Accts,North County,New
9/19/2016," 5,879 ",Checking,New Accts,Central,Existing
9/19/2016," 3,171 ",Checking,New Accts,Westside,Existing
9/19/2016," 4,000 ",Savings,New Accts,Central,Existing
9/19/2016," 2,000 ",IRA,New Accts,Westside,Existing
9/21/2016," 10,373 ",CD,New Accts,Westside,Existing
9/21/2016," 5,000 ",CD,Teller,North County,Existing
9/21/2016," 4,000 ",Checking,Teller,North County,Existing
9/21/2016," 13,000 ",CD,New Accts,Central,Existing
9/21/2016, 200 ,Checking,New Accts,Central,Existing
9/21/2016," 21,000 ",Savings,New Accts,North County,Existing
9/21/2016," 13,519 ",CD,New Accts,Central,Existing
9/21/2016," 4,000 ",Checking,New Accts,Central,Existing
9/21/2016, 100 ,Checking,New Accts,Westside,Existing
9/21/2016," 4,000 ",Checking,New Accts,North County,Existing
9/22/2016," 8,000 ",Savings,Teller,Central,Existing
9/22/2016," 12,000 ",CD,New Accts,North County,Existing
9/22/2016," 6,000 ",Savings,New Accts,Central,Existing
9/22/2016, 500 ,Savings,New Accts,Westside,Existing
9/22/2016, 240 ,Checking,New Accts,Central,Existing
9/22/2016," 6,000 ",Savings,New Accts,Central,Existing
9/22/2016," 13,636 ",CD,New Accts,North County,Existing
9/22/2016," 5,000 ",Checking,New Accts,North County,Existing
9/22/2016," 7,000 ",IRA,New Accts,North County,New
9/22/2016, 100 ,Checking,New Accts,Central,Existing
9/22/2016," 13,500 ",CD,New Accts,North County,Existing
9/22/2016, 500 ,Savings,New Accts,Westside,New
9/22/2016," 5,000 ",Savings,New Accts,North County,New
9/22/2016," 2,749 ",Checking,New Accts,Central,Existing
9/22/2016," 75,000 ",CD,New Accts,North County,Existing
9/22/2016," 13,903 ",CD,New Accts,Central,New
9/22/2016," 4,000 ",Checking,New Accts,North County,Existing
9/22/2016," 15,703 ",CD,New Accts,Central,Existing
9/22/2016," 4,000 ",Checking,New Accts,Westside,Existing
9/22/2016," 5,000 ",Savings,New Accts,Central,Existing
9/22/2016, 344 ,Checking,New Accts,Westside,Existing
9/22/2016," 4,635 ",Checking,New Accts,Central,Existing
9/22/2016," 9,000 ",IRA,New Accts,Central,Existing
9/22/2016," 4,000 ",Checking,New Accts,Central,Existing
9/22/2016," 4,000 ",Savings,New Accts,North County,Existing
9/22/2016," 13,000 ",CD,New Accts,Central,Existing
9/22/2016," 3,000 ",Checking,New Accts,Central,Existing
9/22/2016," 2,878 ",Savings,New Accts,North County,Existing
9/22/2016," 13,519 ",CD,New Accts,Central,Existing
9/22/2016," 4,000 ",Checking,New Accts,Central,New
9/22/2016," 3,075 ",Checking,New Accts,Westside,New
9/22/2016," 4,000 ",Checking,New Accts,North County,New
9/22/2016," 40,599 ",Savings,New Accts,Central,Existing
9/22/2016, 500 ,Savings,New Accts,Westside,Existing
9/22/2016, 240 ,Checking,New Accts,Central,Existing
9/22/2016," 2,000 ",CD,Teller,Central,Existing
9/22/2016," 3,000 ",Checking,New Accts,Central,Existing
9/25/2016," 2,749 ",Checking,New Accts,Central,Existing
9/25/2016," 75,000 ",CD,New Accts,North County,Existing
9/25/2016," 13,000 ",CD,Teller,Westside,Existing
9/25/2016," 3,807 ",Checking,New Accts,Westside,Existing
9/25/2016," 7,342 ",Checking,New Accts,Central,Existing
9/25/2016, 133 ,Checking,New Accts,Westside,Existing
9/25/2016," 15,208 ",CD,New Accts,Central,Existing
9/25/2016," 12,455 ",IRA,Teller,North County,Existing
9/25/2016," 13,900 ",Savings,New Accts,Central,Existing
9/25/2016," 6,762 ",Savings,New Accts,Central,Existing
9/25/2016," 10,000 ",IRA,Teller,North County,Existing
9/25/2016, 600 ,Savings,New Accts,Central,Existing
9/26/2016, 344 ,Checking,New Accts,Westside,New
9/26/2016," 4,635 ",Checking,New Accts,Central,Existing
9/26/2016," 9,000 ",IRA,New Accts,Central,Existing
9/26/2016," 4,000 ",Checking,New Accts,Central,Existing
9/26/2016," 4,000 ",Savings,New Accts,North County,Existing
9/26/2016," 13,000 ",CD,New Accts,Central,Existing
9/26/2016," 3,000 ",Checking,New Accts,Central,Existing
9/26/2016," 2,878 ",Savings,New Accts,North County,Existing
9/26/2016," 13,519 ",CD,New Accts,Central,Existing
9/26/2016," 4,000 ",Checking,New Accts,Central,New
9/26/2016," 3,075 ",Checking,New Accts,Westside,Existing
9/26/2016," 4,000 ",Checking,New Accts,North County,Existing
9/28/2016," 2,749 ",Checking,New Accts,Central,New
9/28/2016," 75,000 ",CD,New Accts,North County,Existing
9/28/2016," 13,000 ",CD,Teller,Westside,Existing
9/28/2016," 3,807 ",Checking,New Accts,Westside,Existing
9/28/2016," 7,342 ",Checking,New Accts,Central,New
9/28/2016, 133 ,Checking,New Accts,Westside,Existing
9/28/2016," 15,208 ",CD,New Accts,Central,Existing
9/28/2016," 12,455 ",CD,Teller,North County,Existing
9/28/2016, 200 ,Savings,New Accts,Central,Existing
9/28/2016," 30,000 ",Savings,New Accts,Central,Existing
9/28/2016," 2,000 ",IRA,Teller,North County,New
9/28/2016, 600 ,Savings,New Accts,Central,Existing
9/28/2016," 12,500 ",CD,New Accts,North County,New
9/28/2016, 100 ,Checking,New Accts,Central,Existing
9/28/2016," 1,000 ",Checking,New Accts,Central,Existing
9/28/2016," 6,000 ",Checking,Teller,Westside,Existing
9/28/2016," 12,505 ",CD,New Accts,Westside,Existing
9/29/2016," 15,208 ",CD,New Accts,Central,Existing
9/29/2016," 12,455 ",IRA,Teller,North County,Existing
9/29/2016," 32,000 ",Savings,New Accts,Central,New
9/29/2016," 6,762 ",Savings,New Accts,Central,Existing
9/29/2016," 10,000 ",IRA,Teller,North County,Existing
9/29/2016, 600 ,Savings,New Accts,Central,New
9/29/2016," 50,000 ",CD,New Accts,North County,Existing
9/29/2016, 100 ,Checking,New Accts,Central,New
9/29/2016," 1,000 ",Checking,New Accts,Central,Existing
9/29/2016," 6,000 ",Checking,Teller,Westside,Existing
9/29/2016," 12,505 ",CD,New Accts,Westside,Existing
9/29/2016," 3,434 ",Checking,New Accts,Central,New
9/29/2016," 5,000 ",Savings,New Accts,Westside,Existing
9/29/2016," 4,623 ",Savings,New Accts,North County,Existing
9/29/2016," 5,879 ",Checking,New Accts,Central,New
9/29/2016," 3,171 ",Checking,New Accts,Westside,Existing
9/29/2016," 4,000 ",Savings,New Accts,Central,New
9/29/2016," 2,000 ",IRA,New Accts,Westside,Existing
9/29/2016," 90,000 ",CD,New Accts,Central,Existing
9/29/2016, 124 ,Checking,Teller,Central,Existing
9/29/2016, 400 ,Checking,Teller,Central,Existing
9/29/2016, 100 ,Checking,New Accts,Central,Existing
9/29/2016," 25,000 ",CD,New Accts,Westside,Existing
9/29/2016," 17,000 ",CD,Teller,Central,Existing
9/29/2016, 400 ,Checking,New Accts,Central,Existing
9/29/2016," 1,325 ",Checking,New Accts,Central,New
9/29/2016, 100 ,Checking,New Accts,Central,Existing
9/29/2016, 250 ,Savings,New Accts,North County,Existing
9/29/2016," 15,000 ",CD,New Accts,Central,Existing
9/29/2016," 7,277 ",IRA,New Accts,North County,Existing
9/29/2016, 100 ,Checking,New Accts,Central,Existing
9/29/2016," 1,000 ",Checking,New Accts,Central,Existing
9/29/2016," 6,000 ",Checking,Teller,Westside,Existing
9/29/2016," 12,505 ",CD,New Accts,Westside,Existing
9/29/2016," 3,434 ",Checking,New Accts,Central,Existing
9/29/2016," 5,000 ",Savings,New Accts,Westside,Existing
9/29/2016," 15,984 ",Savings,New Accts,North County,New
9/29/2016," 5,879 ",Checking,New Accts,Central,New
9/29/2016," 3,171 ",Checking,New Accts,Westside,Existing
9/29/2016," 4,000 ",Savings,New Accts,Central,New
9/29/2016," 2,000 ",IRA,New Accts,Westside,Existing
9/29/2016," 14,548 ",CD,New Accts,Central,Existing
9/29/2016, 240 ,Checking,New Accts,Central,Existing
9/29/2016," 25,000 ",Savings,New Accts,North County,Existing
9/29/2016," 11,000 ",CD,New Accts,Central,New
9/29/2016," 2,000 ",CD,New Accts,Central,New
9/29/2016," 4,535 ",Checking,New Accts,North County,Existing
9/29/2016," 1,946 ",Checking,New Accts,Central,Existing
9/29/2016," 1,000 ",Checking,New Accts,Central,Existing
9/29/2016," 4,000 ",Checking,Teller,North County,Existing
