law,2
talented,1
levels.,1
service,3
both,3
imparts,1
now,1
knowledge.,1
fulfilling,1
educational,1
high,1
well-being,1
acclaimed,1
humanities,1
world.,1
discovery,1
and,33
as,3
this,2
from,1
teaching,4
attract,1
WM,5
goals,2
confronting,1
diverse,3
transmit,1
recognized,1
understanding,2
that,3
patriots,1
fourth,1
century,1
moderate,1
enhanced,1
american,1
instill,1
in,10
quality,2
charter,1
curriculum,1
internation,2
states.,1
alma,1
society.,1
outstanding,1
stimulating,1
curiosity,1
body.,1
it,1
HigherLearning,1
size,1
academic,1
proud,1
program,4
undergraduate,5
needed,1
MarineScience.,1
graduate,3
interaction,1
learning,2
student,2
prepare,1
special,1
scholarship,1
teacher.,1
further,1
responsibility,1
independent,1
integral,1
WM.,1
teachers.,1
better,1
backgrounds,1
excellence,2
opportunities,2
adopts,1
an,2
college,1
second-oldest,1
source,1
of,14
williamsburg,1
mission,2
sciences,2
faculty,4
close,1
effective,1
give,1
development,1
life-long,1
develop,1
education,3
skills,1
thought,1
its,7
a,15
institution,1
intellectual,4
supports,1
designed,1
leaders,1
role,1
preserve,1
selected,1
features,1
institutions,1
dedicated,1
use,1
offer,1
distinctive,1
among,2
residential,1
encourages,2
excitement,1
communities.,1
parts,1
doctoral,1
united,1
modern,1
provide,2
generations,1
character,1
problems,1
specific,2
tradition,1
servants.,1
knowledge,3
public,8
liberal,2
environment,2
human,2
university,2
A&S,2
best,1
original,1
unique,1
professional,3
following,1
business,2
provides,1
broad,1
royal,1
appreciation,1
Virginia,4
predominantly,1
offered,1
challenging,1
commitment,1
wide,1
creativity,1
masters,1
to,14
by,5
history,1
are,2
expand,1
which,1
programs,4
linked,1
concern,1
well,1
mater,1
established,1
at,2
for,6
address,1
--,1
through,2
is,5
breadth,1
condition,1
nation,4
all,1
variety,1
five,1
research,5
leadership,1
introducing,1
depth,1
1693,1
recognizes,1
british,1
social,1
combining,1
challenge,1
university.,1
community,1
continues,1
with,3
fosters,1
create,1
students,7
university's,1
the,24
integrated,1
citizens,1
